{"cameraMode":{"drawMode":0,"name":"Shaded","section":"Shading Mode"},"sceneLighting":true,"audioPlay":false,"sceneViewState":{"showFog":true,"showMaterialUpdate":false,"showSkybox":true,"showFlares":true,"showImageEffects":true,"showParticleSystems":true},"in2DMode":false,"pivot":{"x":8.196098327636719,"y":2.0606613159179689,"z":6.417592525482178},"rotation":{"x":-0.03744112327694893,"y":0.9391927719116211,"z":-0.32359743118286135,"w":-0.10867553949356079},"size":9.84777545928955,"orthographic":false}