{"cameraMode":{"drawMode":0,"name":"Shaded","section":"Shading Mode"},"sceneLighting":true,"audioPlay":false,"sceneViewState":{"showFog":true,"showMaterialUpdate":false,"showSkybox":true,"showFlares":true,"showImageEffects":true,"showParticleSystems":true},"in2DMode":false,"pivot":{"x":-2.103729724884033,"y":-0.35254931449890139,"z":-5.362041473388672},"rotation":{"x":-0.031222207471728326,"y":0.9407538175582886,"z":-0.3253903388977051,"w":-0.09031341224908829},"size":16.610078811645509,"orthographic":true}